Agriculture, Forestry, Fishing and Hunting
User, Repo, Topic
brycejohnston, awesome-agriculture, agriculture
farmOS, farmOS, agriculture
usetania, tania, agriculture
microsoft, farmvibes-ai, agriculture
timmbogner, Farm-Data-Relay-System, agriculture
ekylibre, ekylibre, agriculture
Fields2Cover, Fields2Cover, agriculture
reingart, pyafipws, agriculture
geezacoleman, OpenWeedLocator, agriculture
jldbc, coffee-quality-database, agriculture
Kerala-Blockchain-Academy, AgroChain, agriculture
FoodOntology, foodon, agriculture
VSainteuf, pytorch-psetae, agriculture
gabrieltseng, pycrop-yield-prediction, agriculture
cwfid, dataset, agriculture
maja601, EuroCrops, agriculture
Project-AgML, AgML, agriculture
VSainteuf, utae-paps, agriculture
totti0223, deep_learning_for_biologists_with_keras, agriculture
LiteFarmOrg, LiteFarm, agriculture
damwhit, harvest_helper, agriculture
px39n, Awesome-Precision-Agriculture, agriculture
hetsuthar028, Farming-App, agriculture
ros-agriculture, lawn_tractor, agriculture
Dhruv2012, Autonomous-Farm-Robot, agriculture
STEMinds, Eduponics-Mini, agriculture
MarceloAlves, awesome-agtech, agriculture
o3de, ROSConDemo, agriculture
jmpap, YOLOV2-Tensorflow-2.0, agriculture
OpenIIoT, OpenIIoT.Core, agriculture
AgriculturalSemantics, agro, agriculture
UtkarshA135, KisanSeva, agriculture
nesl, agrobot, agriculture
haritha1313, AgriTech, agriculture
kazulagi, plantFEM, agriculture
sukhbir-singh, AgriculturalApp, agriculture
Fields2Cover, fields2cover_ros, agriculture
pratapvardhan, rural-facilities-pmgsy, agriculture
autogrow, openminder, agriculture
BitMari, varimi, agriculture
farmOS, farmOS-map, agriculture
cropandweed, cropandweed-dataset, agriculture
nasaharvest, togo-crop-mask, agriculture
EDSEL-skoltech, awesome_crop_models, agriculture
sherzodr, penmon, agriculture
cran-task-views, Agriculture, agriculture
jgrss, cultionet, agriculture
Rajat-dey, Weather-Prediction, agriculture
CWWhitney, Decision_Analysis_Course, agriculture
ambakick, vriksha, agriculture
krogk, AgroPi, agriculture
pandeydivesh15, Farmers-Portal, agriculture
ManuelHuber-Github, Agricultural-SandboxNL, agriculture
enzoven, Horta-Inteligente, agriculture
wateraccounting, WAPORWP, agriculture
montimaj, HydroMST, agriculture
cbsteh, PySawit, agriculture
nasaharvest, crop-maml, agriculture
nasaharvest, kenya-crop-mask, agriculture
Agri-Hub, Space2Ground, agriculture
brycejohnston, agroclimatology, agriculture
LocalOrbit, localorbit, agriculture
rugk, crops-parser, agriculture
brycejohnston, farm-calculators, agriculture
PecanProject, bety, agriculture
soilwater, pynotes-agriscience, agriculture
vaishnavid0604, agriculture-portal, agriculture
FIWARE, node-red-contrib-FIWARE_official, agriculture
meltoner, agrofelis, agriculture
WorldWindLabs, AgroSphere, agriculture
sharmaroshan, World-Food-Production, agriculture
sachinjegaonkar, CropInsuranceSolution, agriculture
simranvolunesia, Irrigreat, agriculture
esjoal, GEE_GPR_mapping_vegetation, agriculture
Open-Source-Agriculture, soil_logr, agriculture
brycejohnston, evapotranspiration, agriculture
SchmidtPaul, MMFAIR, agriculture
STEMinds, Eduponics-Pi-MQTT, agriculture
D-2204, Agricultural-Production-Optimization-Engine, agriculture
MohsenYN, AllInOne, agriculture
thephenom1708, AgroCulture, agriculture
Open-Agriculture, AgIsoStack-rs, agriculture
GEOSYS, qgis-plugin, agriculture
hollorol, AgroMo, agriculture
GEOSYS, GeosysPy, agriculture
dwave-examples, crop-rotation, agriculture
grlwholifts, AgroGo, agriculture
fineprint-global, fabio, agriculture
shsarv, AwareWeGO, agriculture
MrCerealKiller, agros_gui, agriculture
MrCerealKiller, agros_gui, agriculture
sanmitraD, Plant-disease-prediction-using-CNNs, agriculture
EsriPS, field-sustainability-helper, agriculture
shreyzo, Crop-yield-and-profitability-prediction, agriculture
AgroCares, Open-Bodem-Index-Calculator, agriculture
EDSEL-skoltech, multi_objective_irrigation, agriculture
krone-landmaschinen, isobus-name-resolver-ts, agriculture
alstat, ALUES, agriculture
sagar-alias-jacky, AgroLab, agriculture
smart-data-models, SmartAgrifood, agriculture
iliastsergoulas, shinyapps, agriculture
theashishgavade, AgroWorldapp, agriculture
arduino-libraries, Arduino_EdgeControl, agriculture
Russ76, herbie, agriculture
picasa, rsunflo, agriculture
terraref, reference-data, agriculture
FieldRobotEvent, virtual_maize_field, agriculture
akshatvg, AAGS--Lets-Green-It, agriculture
muuankarski, faobulk, agriculture
steger123, Lawn-mower-robot, agriculture
saschadoemer, iso-11783-toolsuite, agriculture
ternaustralia, cmrset-examples, agriculture
mohantyrohan3, AgroInOne, agriculture
gribot-robotics, gribot_ros, agriculture
millermuttu, Plant-counter-CV, agriculture
RoyIshan, AYNA, agriculture
ZimboPy, zimfarm, agriculture
COAStatistics, aprp, agriculture
farmOS, farmOS.org, agriculture
anotherwebguy, Plants-Disease-Detection_using_TF_with_Keras, agriculture
uncefact, spec-JSONschema, agriculture
AgMIP-GGCMI, cropCalendars, agriculture
JasonRoesbeke, WorkRecordPlugin, agriculture
iliastsergoulas, text_analyzer, agriculture
adamhsparks, rice-awd-shb, agriculture
amogh7joshi, farmland-anomalies, agriculture
tamedu, csa-on-blockchain, agriculture
terravion, terravion-examples, agriculture
picasa, agridatasets, agriculture
AIDELabAZ, weather_and_agriculture, agriculture
calekochenour, awherepy, agriculture
UGA-AgRobotics, crop_row_follow, agriculture
diivyya, Agro-Tech, agriculture
Southern-Exposure-Seed-Exchange, Planting-Dates-Charts, agriculture
agrirouter-middleware, agrirouter-middleware, agriculture
amit-timalsina, Goodleaf, agriculture
MrCerealKiller, agros_demo, agriculture
autogrow, go-jelly, agriculture
Agro-iot, iot2tangle.ayni, agriculture
wikilimo, Wikilimo, agriculture
GEOSYS, Examples-and-showcases, agriculture
brycejohnston, agx-ruby, agriculture
TwinYields, farmingpy, agriculture
usetania, usetania-static, agriculture
calvin-puram, farmy, agriculture
carpentries-incubator, data-harvesting-for-agriculture, agriculture
SchmidtPaul, crashcouRse, agriculture
cychitivav, pai, agriculture
fdfoneill, wasdeparser, agriculture
IFPRI, sda-shiny, agriculture
sheaft-app, portal, agriculture
Science-for-Nature-and-People, Midwest-Agriculture-Synthesis, agriculture
BahramJannesar, IranAgricultureDataAnalysis, agriculture
nalinrajendran, eco-agri-bot, agriculture
farmOS, farmOS-community-blog, agriculture
DPIRD-FSI, extractOz, agriculture
prashant-shahi, AgMarket, agriculture
JamesNikolaidis, Thesis_Farmers_Helper, agriculture
BatistaTony, agricultura_activaAO, agriculture
manab-kb, Crop_Recognition_System, agriculture
Nelson-Gon, pyfdc, agriculture
likhitgarimella, Agro-App, agriculture
ozak, Caloric-Suitability-Index, agriculture
adjoaEdwin, Deliveree, agriculture
cepdnaclk, e16-4yp-Identification-of-Weeds-in-broadcasted-Paddy-fields-using-multispectral-UAV-images, agriculture
SmallRobotCompany, smallteacher, agriculture
kirkedev, mpr, agriculture
arunumd, Mobile_farm_robot_simulation, agriculture
ImaginarySenseHackathons, Agromizer, agriculture
Dantusaikamal, Weather-translation, agriculture
G-Karishni, Agri-Pal, agriculture
adword01, Krishi-Mitra, agriculture
open-horizon-services, SmartAg-foundation, agriculture
saschadoemer, isobus-device-localization-label-encoder, agriculture
garrettdowd, ufarm, agriculture
sherzodr, agriclimuz, agriculture
thealejandroperilla, ProtectedAgriculture-GEE, agriculture
AgriGPTs, AgriGPTs, agriculture
gribot-robotics, documentation, agriculture
mapme-initiative, mapme.agriculture, agriculture
j-desloires, eo-crops, agriculture
nadinejackson1, satellite-image-classification-deforestation-pollution, agriculture
todrobbins, Open-Food, agriculture
GEOSYS, ArcGIS-plugin, agriculture
Amatofrancesco99, master-thesis, agriculture
njason, grow-recipe-schema, agriculture
ekylibre, zero-android, agriculture
timmbogner, Linear-Spacing-Visualizer-for-Transplanters, agriculture
fruchtfolge, KTBL-APIs, agriculture
Flavjack, inti, agriculture
Lalita-Gupta, Krishi-Sahyog-Website, agriculture
Agrino, Agrino, agriculture
farmioc, farmioc, agriculture
DavidQuartey, Weekly-Agric-Market-Prices, agriculture
Archaeo-Programmer, cropDiffusionR, agriculture
LeToyek, greenify, agriculture
sriveros95, AgroFaaS, agriculture
agxone-projects, crop-health-monitoring, agriculture
reiterus, mcx-info-symfony, agriculture
WadhwaniAI, pest-management-opendata, agriculture
raysummee, soil-moisture, agriculture
agriculture-capstone, agritrader, agriculture
UGA-AgRobotics, jackal_farmer, agriculture
swood-ecology, arsi_gradient, agriculture
ulkudilemre, Forecast-of-production-with-agricultural-data-of-Turkish-provinces, agriculture
aksharma27, farmup, agriculture
amia-cis, amia-cis.github.io, agriculture
markoceri, SmartAG-SensorNode, agriculture
sencrop, sencrop-js-api-client, agriculture
fruchtfolge, agroJSON, agriculture
argosopentech, morel-mushrooms, agriculture
sherzodr, libpenmon, agriculture
szkkteam, agrosys, agriculture
GrayHatGuy, picopasco, agriculture
GrayHatGuy, picopasco-water, agriculture
BigDataGrapes-EU, ontology, agriculture
gideontong, Plantae, agriculture
Osigbemes, abattoirs, agriculture
vishalecho, android-soil-testing-report, agriculture
UGA-AgRobotics, whitney, agriculture
wenlong-liu, ggfertilizer, agriculture
IBM-EPBL, IBM-Project-13205-1659514193, agriculture
fruchtfolge, BGR-APIs, agriculture
ekylibre, zero-android-v3, agriculture
vincegellar, Advanced-Agriculture, agriculture
fruchtfolge, headlands, agriculture
AabidPatel, Leaf-Disease-Detection-and-Health-Grading-System-using-MATLAB, agriculture
sachinjegaonkar, MarketplaceSolution, agriculture
bkbilly, ROS-WeedSpray, agriculture
s2sharpit, krishi-bazaar, agriculture
bherbruck, hpai-tracker-next, agriculture
TheFoodForest, Plant-Pathology-Kaggle, agriculture
iamtekson, Geo-Cooker, agriculture
fkroeber, sar_parcel_analyses, agriculture
fkroeber, field_boundary_delineation, agriculture
mlgal24, NAIP-multispectral-imagery, agriculture
sheaft-app, site, agriculture
daviderizzo-phd, agricultural-robot-list, agriculture
HarveyBates, ESP32-SDI12, agriculture
nikitapn, nscalc, agriculture
SchmidtPaul, dsfair_quarto, agriculture
mlgal24, NAIP-multispectral-imagery, agriculture
sheaft-app, site, agriculture
daviderizzo-phd, agricultural-robot-list, agriculture
HarveyBates, ESP32-SDI12, agriculture
nikitapn, nscalc, agriculture
raw-lab, NFixDB, agriculture
brunorpinho, asterl1t-processing, agriculture
kadyb, agriR, agriculture
Shubhankar10, KrishiUnnati, agriculture
sharmaroshan, V2-Plant-Seedlings-Classification, agriculture
incaya, generateur-graphique-open-badge-ea, agriculture
Archaeo-Programmer, cropSpreadR, agriculture
SmallRobotCompany, smallssd, agriculture
hopeman15, awesome-regenerative-agriculture, agriculture
Cephas-Kingori, AgriNeo, agriculture
chrispahm, fruchtfolge, agriculture
MCroci, agr-spectral-indices, agriculture
msadv, Vriksha-SIH, agriculture
shamspias, AgriAid, agriculture
Abhijeetbyte, NDVI-GO, agriculture
Agrihubi, huikee-maatalous, agriculture
Adamantios, FarmIt-Frontend-Client, agriculture
almostengr, farmosnws, agriculture
tech4germany, psm.api.v1, agriculture
suagar10, AgraQ, agriculture
NagiPragalathan, FarmTech, agriculture
leandroaquinopereira, cnn-comparison, agriculture
blait455, farmvail, agriculture
fkroeber, ai4b, agriculture
PriyankaVerma98, Outlier-detection-Agri-data, agriculture
oats-center, imm, agriculture
rodneyosodo, smart-farm-africastalking-hackathon, agriculture
Blake2912, Vahini-2.0, agriculture
MichalisHadjikakou, Scarcity-water-footprints-, agriculture
lukasValentin, lai4sr, agriculture
RomarioFe44eira, Agricultural, agriculture
KAR-NG, Oats_Variety-Fertilizer_SplitPlot_Field_Experiment, agriculture
open-farms, inventory, agriculture
rje1974, herbar.io, agriculture
ashu-pixel, smart-agriot, agriculture
ClimAg, ClimAg, agriculture
GhoshParmita841, Crop-Yield-Estimation-Model, agriculture
Sanulone, AgroFarm-Webapp, agriculture
OpenHackFarm, tshansik-app, agriculture
DPIclimate, ag-node, agriculture
troennes, yearly-yields, agriculture
Meshydra, Agriculture-Machinery-Rental-Website, agriculture
gribot-robotics, 3d-model, agriculture
abidanBrito, sensor-tech, agriculture
sheaft-app, api, agriculture
u-motion, u-words, agriculture
Yash7818, DSC_DR_CROP, agriculture
deepakjohnson91, NSSO-77-Round-SAS, agriculture
Briankim254, Farm-manager-with-Laravel, agriculture
zankrut20, selection.index, agriculture
cherry247, Dashboard-for-agriculture, agriculture
PoorRican, sensd, agriculture
Ecolistico, GrowGreens, agriculture
Adamantios, FarmIt-Backend-Client, agriculture
hunainahmedj, Digitized-Kisaan-FYP, agriculture
dime-worldbank, moz-proirri-savings, agriculture
PhinesTech, Phinesture, agriculture
agrogeophy, catalog, agriculture
sheaft-app, identity, agriculture
pratap1298, e-agriculture, agriculture
VamsiKrishnaGondesi, AgriTech, agriculture
andrewchang98, Sprayer, agriculture
KAR-NG, Cucumber_Multi-Env_LatinSquare_Field_Experiment, agriculture
abhimanyubhowmik, RiceCloud, agriculture
DaveAlsina, Automated-Hidroponic-System, agriculture
sheaft-app, blog, agriculture
carpentries-incubator, frictionless-data-agriculture, agriculture
runrig-coop, draft-proposal, agriculture
autogrow, go-intelli, agriculture
japhethkimeu, crop_production, agriculture
dwyl, learn-permaculture, agriculture
ScriBanana, SahelFlux, agriculture
tuhinaww, AgriFarm, agriculture
dw-data, European-Green-Deal-Tracker, agriculture
cmguiob, CSA_Dashboard, agriculture
UCR-Robotics, Citrus-Farm-Dataset, agriculture
mbacou, 2017-ispc, agriculture
SoroushGhaderi, Iran_agriculture_data_analysis, agriculture
ArieRS, SmkCodingxDewisri, agriculture
JesseChin, Spectrometer-Line-Scanner, agriculture
nivlapeter, Farmers-Space, agriculture
derekmichaelwright, agData, agriculture
christad92, farmsense, agriculture
Hisyamkamil, PlantWateringSystem-UsingFuzzy, agriculture
gribot-robotics, electronic, agriculture
lou-dupont, Agribalyse, agriculture
gizdatalab, DPPD_Niger, agriculture
GrzegorzMika, Agriculture, agriculture
oki-aryawan, agricorn, agriculture
GEOSYS, Studies-and-Analysis, agriculture
Sumanthkumar2002, Harvest-AI-Crop-recommeder-System-ML, agriculture
Intensedog, AgricultureApp, agriculture
FayElhassan, AI-for-Sustainable-Agriculture, agriculture
GParolini, colabs_am_bib, agriculture
NGBeriot, MPs_Soil_Compost, agriculture
pacs27, canopy-cover, agriculture
dubeyx, AgriSmart--Advanced-Farming-with-IOT, agriculture
IBM-EPBL, IBM-Project-33958-1660229898, agriculture
omarbenites, cropdatape, agriculture
bonifacechacha, eVoucher, agriculture
Wanghley, PlantAI, agriculture
mahekn23, KrushiVikas, agriculture
Badr-MOUFAD, clustering-moroccan-weather, agriculture
MustofAhmed41, smart-agricultural-system, agriculture
utkarshtambe10, Potato-Disease-Classification, agriculture
gustavokennedy, agrotech, agriculture
muratagyz, HackathonBBDTP, agriculture
Terrafarms, bangkit-machine-learning, agriculture
dulyana, Agricultural-Information-System-UI, agriculture
4bdul4ziz, AgriVision, agriculture
emraher, rnass, agriculture
cjabradshaw, EnvironRankAfrica, agriculture
Aramist, agricultural-robot, agriculture
ciartf, project-agis, agriculture
Jon-Fr, DOCHAL, agriculture
aadilkhalifa, crop-prediction, agriculture
Patil-Vinay, AgriDoc, agriculture
Schine73, Plant-and-Weed-detection-using-UNet-CNN, agriculture
mr-finnie-mac, Crop-Mapping-and-Survey-Drone, agriculture
arsyakaukabi, bangkit-coffee-ml, agriculture
firefly-cpp, smart-agriculture-datasets, agriculture
fahadgudu, weather-app-farmer, agriculture
DenisDPR, Sensor-Network-Project, agriculture
qedsoftware, afsisdb-demos, agriculture
jmanuelc87, mapas-dinamicos, agriculture
divyesh599, agrochemical-billing-software, agriculture
mirkopiani98, Orchard_planting_system, agriculture
lorestew, MKR1010-Environmental-Soil-Sensor, agriculture
Daraan, CropAndWeedDetection, agriculture
earthrise-media, plotline, agriculture
iamkibeh, AgriPlus-website, agriculture
swood-ecology, senegal-nematodes, agriculture
SanskritiKushik5, KrishiKalyan, agriculture
yousefakbar, EasyMoo, agriculture
amt-juantuah, Agro-Market-Backend, agriculture
Red-Stream-Y3, AgroHelp, agriculture
raju-shrestha, Agro-Biz-SRS, agriculture
dendrologicus, PRRC_qPCR_T18, agriculture
StrykerDG, StrykerDG.FarmForge, agriculture
KAR-NG, Maize_Soil_Nutrient_CRD_Glasshouse_Experiment-, agriculture
AnindyaNag, Project---Analyze-Crop-Production-of-India, agriculture
Kartik-Aggarwal, Terrace-Farming-Robot, agriculture
blitz-cmd, Soil_Moisture_Monitoring_using_IoT_Sensors, agriculture
adhiiisetiawan, corn-leaf-infection-recognition, agriculture
swood-ecology, senegal-nematodes, agriculture
SanskritiKushik5, KrishiKalyan, agriculture
yousefakbar, EasyMoo, agriculture
Red-Stream-Y3, AgroHelp, agriculture
amt-juantuah, Agro-Market-Backend, agriculture
AgPipeline, template-rgb-plot, agriculture
AgrDataSci, cb-tricot-analysis, agriculture
fdfoneill, tsharvest, agriculture
adsarver, smartag_datacollection, agriculture
jorgerodriguezm, CottonDiseaseDetection, agriculture
jenishborah, Tea-Leaf-Disease-Detection, agriculture
jainaviral898, Wheat-Head-Detection, agriculture
paulcushing, ShouldIBurn, agriculture
gustavoemc, AgriNica, agriculture
andyschaul, plant_care_system, agriculture
nikmartin, Argreeno, agriculture
Rothamsted-Ecoinformatics, YieldbookDatasetDrafts, agriculture
dbmptr, IndianAgriculture, agriculture
samkamau81, Kenyas-Maize-Output-Time-Series, agriculture
ChepkemoiMaurene, AgriPlus-Website, agriculture
tinkten7, farmbuddy2023, agriculture
mivige, PlantinoCare, agriculture
ECFM-USAC, AgriculturaVertical, agriculture
Nelson-Gon, rfdc, agriculture
aaiit, Kaggle_Plant, agriculture
YunwooC, GDD, agriculture
RB-Agriculture, fieldtrak, agriculture
LESEM-PEWI, pewi3.0, agriculture
OKFNat, agroScraper, agriculture
ciartf, project-arture-node, agriculture
defenestrator, elbow, agriculture
MrCerealKiller, agros_io, agriculture
ManyamSanjayKumarReddy, Crop_Recommendation_System, agriculture
SpencerMartel, VineyardComparison, agriculture
super-lou, INRAE_template, agriculture
iameru, mschleuder, agriculture
GEOSYS, analytic-processor-template, agriculture
jaybaeta, icta-2017, agriculture
Turta-io, LoRaHAT, agriculture
COS301-SE-2020, FABI, agriculture
Team-Chorotega, Potato-Assessment-Application, agriculture
SilasPenda, Livestock-Guarding-System, agriculture
adhiiisetiawan, corn-disease-recognition, agriculture
underdog-pm, website-projects, agriculture
NizarArdansyah, Taniland, agriculture
OLAMIDE100, DATAWIZ, agriculture
ionosphere, diacol, agriculture
HarvestProfit, agtech-sustainability-index, agriculture
MaastrichtU-IDS, euraknos-ontology, agriculture
Dorcy64, farm-tracker, agriculture
souravbhadra, ag-lapse, agriculture
cepdnaclk, e18-6sp-Disease-Monitoring-in-dairy-industry, agriculture
jayant1211, Ripeness-Detector-for-Vegetables-and-Fruits, agriculture
specollective, Tilly-FarmBot, agriculture
Grain-Cropping-Systems-Lab, UC-Small-Grain-Seeding-Rate-Calculator, agriculture
emraher, Farmland_Values, agriculture
palexp2, Greenhouse-climate-controler, agriculture
essicolo, AgFun, agriculture
fruchtfolge, Fruchtfolge, agriculture
sameberenz, climada_papers_crop_production_risk_isimip, agriculture
ClimAg, climate-change-droughts, agriculture
rmolabanti, lean-agriculture, agriculture
benbrackenbury, RPi-NDVI, agriculture
ImmortalCunt, iseenationalseminar2023, agriculture
igorkf, yellow-rust-disease, agriculture
openearth, keukentafeltool, agriculture
darthbatman, Farmability, agriculture
AgrDataSci, tricot-training, agriculture
Skipper-is, SMS-Egg-Logger, agriculture
osu-cvl, agriculture, agriculture
undisputedcoder, Weed-Detector, agriculture
BastinRobin, Data-Science-On-Action, agriculture
LucasUriel2002, Projeto-Valdecir-Queiroz, agriculture
cct-datascience, ardn-terra-ref, agriculture
flavio2018, xfarm-data-app, agriculture
Lakshya-MIT, Lakshya-MIT.github.io, agriculture
salamandersen93, udacity_capstone_farmland_avian_dataset, agriculture
hajin-park, AgAID-2023-Water-Challenge, agriculture
fofajardo, agrikulturam-icj, agriculture
sahussawud, FarmHug, agriculture
eds-book-gallery, 435f534c-e49b-43c3-9bd6-3393100bef3f, agriculture
sanidhya2803, Krushak-Agricultural_Management_System, agriculture
ClimAg, jupyter-notebooks, agriculture
DarkTiengo, sinteagro, agriculture
wswz115, CoRD, agriculture
VicenteYago, Greenhouses4.0-ML, agriculture
Jan5366x, Factorio-Agriculture, agriculture
Mary-Wanyama, Mary-Wanyama.github.io, agriculture
Sn1pescope, LVP-Basis, agriculture
Blazekiller8, VINA, agriculture
CIAT-DAPA, aeps_open, agriculture
saqib772, AI-In-Agriculture, agriculture
KOSASIH, Farmatica, agriculture
ChaitanyaPandit1998, Crop-Yield-Prediction, agriculture
herbkonik, PoBuCraw, agriculture
hudsonburgess, nutcracker, agriculture
webdevbc, agenergyreport, agriculture
GParolini, html_css_webpage, agriculture
olivier5741, oli.be, agriculture
dubilava, somalia, agriculture
SyedDaniyalAli, Smart_Agriculture_System, agriculture
GEOSYS, AnalyticStreamFormater, agriculture
SelemaniLikoko, awesome-agribusiness, agriculture
RanitSarkar, WebApp-Based-Crop-recommendation-system, agriculture
mathiasweidinger, MPPTH, agriculture
francismanlangit13, eagi, agriculture
mandeleung, Wheatlo, agriculture
nafsi20, rice-farming-with-crop-rotation, agriculture
OneAutumnLeef, farm2farm.github.io, agriculture
jalbertbowden, virginia-ag-census-2012, agriculture
Carlitosh, Map-Filter-QGIS, agriculture
LaGuer, JupyterDataScienceWorkflow, agriculture
balovbohdan, cultio, agriculture
sfczekalski, SickTrees, agriculture
UpstatePedro, sentipy, agriculture
mareloraby, DataGang, agriculture
austin-sanga, fundable, agriculture
jayantkp, AgroHarvest, agriculture
lauraneckstein, jewishagriculture, agriculture
sirsimions, agriplus_website, agriculture
Agri-Hub, CCAI-NeurIPS22-Personalizing, agriculture
alejvz, pina-tech, agriculture
gustavofaquim, sistema_irrigacao, agriculture
a8dx, a8dx.github.io, agriculture
AsankaRukshanRathnayake, RoyalAgro, agriculture
thomasstep, green-things, agriculture
juanmicl, agrodata, agriculture
mbacou, 2017-agra-aasr, agriculture
ankurkiyada, SmartFarmApp, agriculture
ryoochangwan, ryoochangwan.github.io, agriculture
wizifarm-dev, HackTaFerme-PetitsComptesEntreAgris, agriculture
rajDhamsaniya, AgriInputNetwork, agriculture
bartosjiri, bohemian-avantgardeners-website, agriculture
dogboy21, agri-seasons, agriculture
carter5, Social_Media_Engagement_Habits_of_Farmers, agriculture
enrique95, TFG, agriculture
rahularepaka, Project-Clara, agriculture
renato-favarin, web_app_CSA_pindorama, agriculture
pri1311, khetibadi, agriculture
sarkhanj, novatech-backend, agriculture
sureshlazaruspaul, agro-waste, agriculture
IICAFabLab, Sistema-de-monitoreo-de-iluminacion-artificial, agriculture
TanvirAnzum, smart-farming-platform, agriculture
jgaehring, harvest-calendar-react, agriculture
ovinueza, DroughtEffectsOnCorn, agriculture
mssandeepkamath, firect-android, agriculture
mskian, cutoff-bash, agriculture
stipe-stanic, crop-leaf-disease-classification-segmentation-in-production, agriculture
santhoshvai, Evlo, agriculture
axel4260, axel426270, agriculture
mbacou, 2017-quadrat, agriculture
ikshitiz, agriSense, agriculture
Josie528, BITU-2913-Workshop-1, agriculture
larcc-group, Prophet, agriculture
rstankovic, CLIMATE_CHANGE, agriculture
jweedmark, Apogee-SQ-500, agriculture
incaya, farmbot-school-frontend, agriculture
jha-vineet69, AgriMarket, agriculture
elzup, calc-vpd, agriculture
GEOSYS, Images, agriculture
eng-ahmedmostafa, Greenony, agriculture
dracoignis-000, agropark.com, agriculture
walimorris, cattle-herd-simulator, agriculture
oracle002, LHMS, agriculture
advancedag, DSFW_Peanuts, agriculture
mbacou, ssa-geospat, agriculture
ashok-bidani, US-Urban-Areas-and-Agricultural-Productivity, agriculture
arib7701, Image_Classification_CocoaPods, agriculture
pranav-manik, SeedBase, agriculture
Fasal-Tech, fasal-tech.github.io, agriculture
millermuttu, Tree_segmentation_CV, agriculture
jracevedob, hydroponic_agriculture_learning, agriculture
cct-datascience, ardn-genomes-to-fields, agriculture
HiLivin, NRF24_WeatherStation, agriculture
ClimAg, data, agriculture
ZKOussama7, AI-Farm, agriculture
Ahmosys, airsens, agriculture
OpenClimateScience, OpenClimateScience.github.io, agriculture
Hariprasath12, Agri-Assistant, agriculture
ChrisCates, agriculture.chriscates.ca, agriculture
mbacou, ssa-geospat, agriculture
ashok-bidani, US-Urban-Areas-and-Agricultural-Productivity, agriculture
arib7701, Image_Classification_CocoaPods, agriculture
pranav-manik, SeedBase, agriculture
Fasal-Tech, fasal-tech.github.io, agriculture
millermuttu, Tree_segmentation_CV, agriculture
jracevedob, hydroponic_agriculture_learning, agriculture
cct-datascience, ardn-genomes-to-fields, agriculture
HiLivin, NRF24_WeatherStation, agriculture
ClimAg, data, agriculture
ZKOussama7, AI-Farm, agriculture
Ahmosys, airsens, agriculture
OpenClimateScience, OpenClimateScience.github.io, agriculture
chrispahm, vorgewende, agriculture
foodopendata, foodstats-basel, agriculture
Adalitix, dashboard, agriculture
jlikhuva, Wheat, agriculture
cmutel, jester, agriculture
KSUSTL, IrrigationRecs, agriculture
gmonteith, SVA, agriculture
Joseph-kirigo, agriplus2, agriculture
matthewfarant, wheat-forecasting, agriculture
zhuochenbioinfo, RiceReseqCNV, agriculture
Rutwik1000, Indian-Commodity-Prices, agriculture
doguilmak, Leaf-Detection-YOLOv7x, agriculture
michaelmuthomi, Agricon, agriculture
lihini223, Harvest-Management-System, agriculture
BenRGH, SmartGreenhouse_FYP, agriculture
Soil-Health-Institute, SlakeItEasy, agriculture
DESIRA-Project, Gnomee-Web-Application, agriculture
gingik, Power-Mate, agriculture
Konnect-Agri, AgriDex-Beckn, agriculture
hemlockcreek, farm-manager, agriculture
ozgurkavak, Solar-Energetic-Agriculture-Automation, agriculture
ncsu-landscape-dynamics, PoPSS-R-Legacy, agriculture
Anuraj99, Smart-Agriculture-Technology, agriculture
bglyvv, bfh-2021, agriculture
daviderizzo-phd, agricultural-robotics, agriculture
andmon97, GravepineDiseaseDetection, agriculture
Shriraj1996, Agricultural-Production-Optimization-Engine, agriculture
devgru-3-2, KisanMitr-Dummy, agriculture
SethNC, hardy, agriculture
MarvinKweyu, tambua-shamba, agriculture
Illustratien, Wang_2023_TAAG, agriculture
SLUVisLab, sorghum_snp_prediction, agriculture
richiebful, allegheny-food, agriculture
project-sarai, sarai-v2-old, agriculture
Agrivatehq, Agri-analytics, agriculture
pb10005, economic-game, agriculture
bartosjiri, bohemian-avantgardeners-project, agriculture
Greenie-Beenie, Buy-Green-Website, agriculture
Excellent-Echo, Hulu-Tani-Final-Project, agriculture
Lancer59, AgriculturalLandManagementSystem, agriculture
CERP, public-datasets, agriculture
Joseph-kirigo, Agriplus, agriculture
kinsteve, Climate-Collective-Hackathon--Crop-Recommendation-System, agriculture
hmjahid, FarmersKingdom, agriculture
gecoerp, gecoerp_agriculture, agriculture
WilsonKinyua, e-tinga, agriculture
meamanparmar, FPO_Work, agriculture
richiebful, allegheny-food, agriculture
Agrivatehq, Agri-analytics, agriculture
pb10005, economic-game, agriculture
bartosjiri, bohemian-avantgardeners-project, agriculture
Greenie-Beenie, Buy-Green-Website, agriculture
Excellent-Echo, Hulu-Tani-Final-Project, agriculture
Lancer59, AgriculturalLandManagementSystem, agriculture
CERP, public-datasets, agriculture
Joseph-kirigo, Agriplus, agriculture
kinsteve, Climate-Collective-Hackathon--Crop-Recommendation-System, agriculture
gecoerp, gecoerp_agriculture, agriculture
hmjahid, FarmersKingdom, agriculture
WilsonKinyua, e-tinga, agriculture
meamanparmar, FPO_Work, agriculture
akhilesh-kanmanthreddy, Farmly.AI, agriculture
francismanlangit13, municipalagricultureoffice, agriculture
CSU-Agricultural-Water-Quality-Program, awqp-mountain-meadow-spectral-analysis, agriculture
GEOSYS, impacted-areas-identification, agriculture
tomversluys, Quantifying-drought-sensitivity-in-coconut-agriculture, agriculture
thaynacoelho, agroecologyapp, agriculture
haojing9058, MS-Thesis--Explaining-patterns-of-child-malnutrition-in-Uganda, agriculture
widdowquinn, presentation-2017-11-01-EUPHRESCO, agriculture
SoftmedTanzania, rucodia_backend, agriculture
anyric, agro-shop, agriculture
Tukma-Danaw, navygator, agriculture
austinequity, equity-website, agriculture
incaya, farmbot-school-backend, agriculture
sunil-dhaka, Agriculture-Analysis-on-Indian-States, agriculture
samirumusa, agrex, agriculture
michelelagreca, DREAM, agriculture
Ariful17, IoT-Project-on-Agricultural-Data-Monitoring, agriculture
SanT-Y, laughing-bassoon.io, agriculture
bronsonholden, kaprella-api, agriculture
varun-official, FarmLand, agriculture
Sonaaa10, -bhoomi, agriculture
dnezan, indic-agri-PaLM2, agriculture
SamMajumder, YieldScapeUSA, agriculture
herdav, n, agriculture
Luissalazarsalinas, Avocado-Yield-Prediction, agriculture
haojing9058, MS-Thesis--Explaining-patterns-of-child-malnutrition-in-Uganda, agriculture
thaynacoelho, agroecologyapp, agriculture
SoftmedTanzania, rucodia_backend, agriculture
widdowquinn, presentation-2017-11-01-EUPHRESCO, agriculture
Tukma-Danaw, navygator, agriculture
anyric, agro-shop, agriculture
austinequity, equity-website, agriculture
sunil-dhaka, Agriculture-Analysis-on-Indian-States, agriculture
incaya, farmbot-school-backend, agriculture
samirumusa, agrex, agriculture
michelelagreca, DREAM, agriculture
AarjavJain101, Contouring-Plants, agriculture
Vaishnavipurkar, AgriculturalFarm, agriculture
L98S, Crop-Production-Insights-India-EDA-, agriculture
brightway-lca, bw_hestia_bridge, agriculture
T0uchM3, IrrigationIntelligente, agriculture
grupodeinnovacion, AgriMarketResearch, agriculture
deshario, Smart-ROI, agriculture
vvyanchenko, VineyardManager, agriculture
Dima-369, raw-food-forest-homepage, agriculture
Carto-NA, methanisation, agriculture
adgautam, Aditi_agriculture_nutrition, agriculture
ashen007, Identify-Diseases-in-Crops-leaf, agriculture
frantz93, frantz93.github.io, agriculture
kamataryo, thesis, agriculture
2020491, MSC_DA_CA2, agriculture
MatRit, LandSupply, agriculture
godwins3, agro.ai, agriculture
milgradesec, sensord, agriculture
akihiko47, Wheat-Detector, agriculture
sumansai14, norman, agriculture
srk-agritech, srk-agritech.github.io, agriculture
coopsahu, coopsahu.github.io, agriculture
raikel, mcrops, agriculture
NGBeriot, Plastic_mulch-soil_properties, agriculture
DaveAlsina, An-lisisCultivo, agriculture
TeamOS-Bangkit, Forecasting-Using-R-Shiny, agriculture
betaoverflow, project-agrohabit, agriculture
samirumusa, smartfarmerapp, agriculture
shine10101, AEOP_Public, agriculture
gabrielbelcher, sheep-identification-project, agriculture
latticescipub, Indian-Journal-of-Food-Engineering-IJFE-, agriculture
KOSASIH, Agricorp, agriculture
julieBarN, toxibees, agriculture
souravbhadra, raster4ml, agriculture-research
DSSAT, dssat-csm-os, agriculture-research
bhavesh907, Crop-Classification, agriculture-research
AgriculturalSemantics, agro, agriculture-research
haritha1313, AgriTech, agriculture-research
RentadroneCL, AI-Agro, agriculture-research
daquinterop, Py_DSSATTools, agriculture-research
sherzodr, penmon, agriculture-research
CWWhitney, Decision_Analysis_Course, agriculture-research
5m0k3, gwd-yolov5-pytorch, agriculture-research
ambakick, vriksha, agriculture-research
ManuelHuber-Github, Agricultural-SandboxNL, agriculture-research
rugk, crops-parser, agriculture-research
Harry-Rogers, PiCar, agriculture-research
sanmitraD, Plant-disease-prediction-using-CNNs, agriculture-research
grlwholifts, AgroGo, agriculture-research
LuJiangTHU, DMIL-WDDS, agriculture-research
shreyzo, Crop-yield-and-profitability-prediction, agriculture-research
iliastsergoulas, shinyapps, agriculture-research
ridvansalihkuzu, hyperview_eagleeyes, agriculture-research
fmenat, MultiviewCropClassification, agriculture-research
iliastsergoulas, text_analyzer, agriculture-research
adamhsparks, rice-awd-shb, agriculture-research
priviere, PPBstats, agriculture-research
Noob-programmer155, BantuTani-App, agriculture-research
Paulooh007, drone-based-plant-monitoring-system, agriculture-research
AgrDataSci, ag5Tools, agriculture-research
q-viper, Corn-Infection-Detection, agriculture-research
vicelab, slaer, agriculture-research
ozak, Caloric-Suitability-Index, agriculture-research
DPIRD-FSI, extractOz, agriculture-research
5m0k3, gwd-efficientdet-pytorch, agriculture-research
sherzodr, agriclimuz, agriculture-research
pinkychow1010, Deep-Learning-Locust-Prediction, agriculture-research
fruchtfolge, KTBL-APIs, agriculture-research
sherzodr, libpenmon, agriculture-research
raw-lab, NFixDB, agriculture-research
fruchtfolge, BGR-APIs, agriculture-research
argosopentech, morel-mushrooms, agriculture-research
carpentries-incubator, fair-data-management-agriculture, agriculture-research
ecohydro, maize-Toff, agriculture-research
devvyn, aafc-field-data, agriculture-research
adhiiisetiawan, large-scale-pest-recognition, agriculture-research
AgrDataSci, ClimMobTools, agriculture-research
raj-shr-git, Apple_Foliar_Disease_Detection, agriculture-research
IFPRI, sda-hcapi3, agriculture-research
ascii-monk123, Tomato-Leaf-Disease-Quantification, agriculture-research
Prikaziuk, esa_training_2022, agriculture-research
cherry247, Dashboard-for-agriculture, agriculture-research
SaiJeevanPuchakayala, FarmWiser, agriculture-research
HasanBeratSoke, leaves-segmentation, agriculture-research
chrispahm, fruchtfolge, agriculture-research
arkochatterjee, green-sense, agriculture-research
shamspias, AgriAid, agriculture-research
AIAtmiyaUniversity, DeepCropNet, agriculture-research
Muhammad-Arsalan03, Precision-Spraying-for-Agriculture-mobile-Robot, agriculture-research
Terrafarms, bangkit-internet-of-things, agriculture-research
dwyl, learn-permaculture, agriculture-research
Heikelol, Hiperespectrales, agriculture-research
stats4sd, frn-data-collection-toolkit, agriculture-research
pskelsey, blacklegRandomForest, agriculture-research
MaastrichtU-IDS, euraknos-ontology, agriculture-research
cct-datascience, Drone-Processing-Pipeline, agriculture-research
whinaal, EstimationNitrogenANN, agriculture-research
SimonShamusRiley, HGSB, agriculture-research
Terrafarms, bangkit-machine-learning, agriculture-research
RB-Agriculture, fieldtrak, agriculture-research
AgPipeline, template-rgb-plot, agriculture-research
AgrDataSci, cb-tricot-analysis, agriculture-research
lionelsamrat10, Potato-Disease-Classification, agriculture-research
laclouis5, StructureAnnotator, agriculture-research
Rothamsted-Ecoinformatics, YieldbookDatasetDrafts, agriculture-research
spaykin, IL-ag-landuse, agriculture-research
codeplusmath, Data-Augmentation-of-Agriculture-Dataset, agriculture-research
Rafiul-Omar2022, AgroBit_Nasa_Space_App_Challenge, agriculture-research
Navaneeth-Gajula, YIELTOR, agriculture-research
Sakibsourav019, Jute-Insect-Classification-using-Transfer-Learning-and-Deployment-in-Android-App, agriculture-research
Abhar97, Krishiyog-Summer-Project, agriculture-research
stats4sd, rmsystem, agriculture-research
ShivaGanapathy, DetectingTomatoPlantDisease, agriculture-research
ashucoder9, Agrikon, agriculture-research
bchryzal, Tomato-leaf-disease-detection, agriculture-research
PiyushRaj714, IoT-based-WaterFlowRate-measurement-using-Arduino, agriculture-research
fahadgudu, weather-app-farmer, agriculture-research
kbarni, Annotation, agriculture-research
stats4sd, FIPS-Farmer-Research, agriculture-research
Ahmosys, airsens, agriculture-research
Deceptrax123, Weed-Detection-in-Crop-Fields, agriculture-research
OpenClimateScience, OpenClimateScience.github.io, agriculture-research
capecha, Scrape-Agri_crop-data-from-the-web-using-Stata, agriculture-research
capecha, Scrape-Agri_crop-data-from-the-web-using-Stata, agriculture-research
seanbhart, marsdiet, agriculture-research
JonathanAaronDev, Agriculture_predictor, agriculture-research
Terrafarms, TerrafarmsxAgricamp-Papayan, agriculture-research
MukeshBisht, iotBoard, agriculture-research
udaykumar1997, Real-Time-Precision-Farming-through-Cloud-Computer-Vision-and-Deep-Learning, agriculture-research
AgrDataSci, crop-manag-pnas, agriculture-research
gabeb24, GLSS-Agricultural-Analysis, agriculture-research
klautenschlaeger, mvsc, agriculture-research
devan2636, ProyekMandiriSKD, agriculture-research
kosalnith, PublicBanks, agriculture-research
sayan0506, Agriculture-project-notes-and-references, agriculture-research
zhou100, JAFIO-FRA-Zambia, agriculture-research
inrea21, Colombia-Analysis, agriculture-research
isailg, WorkAreaRecognition, agriculture-research
ayushdabra, apple-scab-disease-classification, agriculture-research
biometryhub, report_template, agriculture-research
arturo26, Agro-Mex, agriculture-research
eitt, Rendimientos_Agricolas, agriculture-research
njwitthoeft, BeanCounter, agriculture-research
mbacou, 2021-s34d, agriculture-research
Joseph-kirigo, agriplus2, agriculture-research
michaelmuthomi, Agricon, agriculture-research
jyotirmoy1997, Macro-Nutrient-Classification, agriculture-research
techtocore, Vriksha, agriculture-research
andraze, VseLokalno, agriculture-research
arshPratap, NxtLynk, agriculture-research
bioinfodlsu, rice-pilaf, agriculture-research
coopsahu, coopsahu.github.io, agriculture-research
vpinnaka, Plant-Disease-Detection-MLND-Capstone, agriculture-research
cchummer, usda-api, agriculture-research
innspub, innspubnet, agriculture-research
mbacou, 2017-agra-aasr, agriculture-research
ryoochangwan, ryoochangwan.github.io, agriculture-research
carter5, Social_Media_Engagement_Habits_of_Farmers, agriculture-research
Heikelol, SegmentationForPlants, agriculture-research
MarrenOjode, Agriculture-Management-System, agriculture-research
sureshlazaruspaul, agro-waste, agriculture-research
afraniogazolla, livroEspeciesArboreasAgrossilvipastoris, agriculture-research
stats4sd, red-de-redes, agriculture-research
coopsahu, coopsahu.github.io, agriculture-research
sow-ibrahima, Buffer_zones, agriculture-research
rita-tools, IdragraTools, agriculture-research
KOSASIH, Farmatica, agriculture-research
firefly-cpp, awesome-arm-in-smart-agriculture, agriculture-research
waleedahmed0001, Crop_Prediction, agriculture-research
francivita, phd, agriculture-research
AWESOME04, Group_24-Intro_to_Eng.-Final_Project, agriculture-research
Viperwolf-Official, SAEproject, agriculture-research
afraniogazolla, livroSistemaSilvipastoril, agriculture-research
SelemaniLikoko, awesome-agribusiness, agriculture-research
RanitSarkar, WebApp-Based-Crop-recommendation-system, agriculture-research
mrhosseini75, Semi_Autonomous_Drone_Nav, agriculture-research
DFKI-Earth-And-Space-Applications, MVCC_IGARSS, agriculture-research
SamMajumder, Yield_forecast_Sunflowers, agriculture-research
stats4sd, Sorghum-app-kenya, agriculture-research
stats4sd, FUMA-Gaskiya-app, agriculture-research
ifaiq, Esp8266, agriculture-research
stats4sd, ccrp-soils, agriculture-research
farmOS, farmOS, crops
Gladiator07, Harvestify, crops
keplerlab, katna, crops
Liquid-Prep, Liquid-Prep, crops
heyitsdsp, Smart_Farming, crops
SofanitAraya, CropPhenology, crops
anshukrsingh, crop-recommendation-system-based-on-machine-learning-using-python, crops
jgrss, cultionet, crops
krogk, AgroPi, crops
sharmaroshan, Weed-Detection, crops
rugk, crops-parser, crops
PecanProject, bety, crops
Gekko12, Eco-fertilization, crops
shreyzo, Crop-yield-and-profitability-prediction, crops
VirtualPlantLab, PlantSimEngine.jl, crops
brminnick, OnSight, crops
NarutoOp, Crop-Recommendation, crops
CottonMC, Epicurean, crops
manab-kb, Crop_Recognition_System, crops
likhitgarimella, Agro-App, crops
jafernandez01, cndcR, crops
sharmaroshan, V2-Plant-Seedlings-Classification, crops
mstrocchi, plantalyzer, crops
EwyBoy, Quick-Harvest, crops
ascidian-ai, DEA_MultiSpectralImageTools, crops
nhanaz-pm-pl, CropsXP, crops
leandroaquinopereira, cnn-comparison, crops
auralshin, bitfarm, crops
laclouis5, Annotator, crops
garciparedes, castile-and-leon-crops, crops
dhruti-patel, BlockCrop, crops
Ritzing, KisaanApp, crops
Hanmant1999, agritech, crops
MarcCoru, ICML19_TSW_Presentation, crops
Charles1625, crop-production-ontology, crops
Metaluv, Palette_Training, crops
omarbenites, cropdatape, crops
olix20, netherlands_crops_prediction, crops
xegativ, water-usage, crops
fruchtfolge, Fruchtfolge, crops
smoenga55, Moenga-2020, crops
hmjahid, FarmersKingdom, crops
maxeph, install_Arduinopinic, crops
aksh98, MyProjects, crops
alexandrelamberty, hortus, crops
TiempoDeSiembra, data, crops
fabian-thomas, WpfCropableImageControl, crops
SARRA-cropmodels, SARRA-O, crops
SeanP2001, Harvest_Predictor, crops
CodeChefVIT, farmers, crops
dan909, Plantsper, crops
BakerWade, crop_recommendations, crops
SARRA-cropmodels, SARRA-H, crops
FAIMS, csiro-crops, crops
AarjavJain101, Contouring-Plants, crops
AlexInCube, EasyFarming, crops
inlife, nexrender, farm
brycejohnston, awesome-agriculture, farm
farm-fe, farm, farm
usetania, tania-core, farm
farmOS, farmOS, farm
TaKO8Ki, frum, farm
usetania, tania, farm
jobtalle, Koi, farm
CGRU, cgru, farm
agoda-com, android-farm, farm
iholston, lol-bot, farm
waldoj, frostline, farm
Tyrrrz, OsuHelper, farm
zebrunner, mcloud, farm
nanoscopic, controlfloor, farm
HiltonGiesenow, PoShMon, farm
csmsx, awesome-indoor-farming, farm
valebes, ppl, farm
ClintOxx, PUBG-Battlepoint-FarmBot, farm
alexbers, exploit_farm, farm
hms-11, CoopCommand, farm
fxnut, hou_farm, farm
sogoeslight, ValorantBot, farm
farmOS, farmOS-map, farm
newerton, sunflower-land-bot, farm
obernardovieira, SmartGreenhouse, farm
NREL, flasc, farm
mykeels, farm-invest-cli, farm
EthereansOS, ITEMS-Interface, farm
lwYeo, Crypto-LP-Compounder, farm
demaisj, RewardsGG-Farm, farm
SergKhram, IdbClient, farm
mhgolkar, Melon_Green, farm
thyrlian, MobileDevicePool, farm
jDmacD, deadline-docker, farm
wildskyf, content-farm-list, farm
JamesPImes, pyTRS, farm
6A31, dankmemer-farm, farm
TheAxes, AutoOwoFarm, farm
farm-fe, rfcs, farm
TUDelft-DataDrivenControl, FLORISSE_M, farm
aifeelit, coinswap-farm-master-contract, farm
0rtis, mochimo-farm-manager, farm
notsaki, Mt2-Stone-Farm-Bot, farm
pradeepdev-1995, Question-answering-python, farm
EthereansOS, Covenants-Core, farm
JasonRoesbeke, WorkRecordPlugin, farm
ksyncpro, lol-bot, farm
SI-RPL-2023, SI4403_A_Farm.io, farm
LordAlex2015, brave-rewards-bot, farm
Pazdikan, dbd-xp-farm, farm
farmOS, farmOS-community-blog, farm
arib7701, FarmManagementApp, farm
TheTrustyPwo, ZBSchools-Macro, farm
Autodrop3d, autodrop3dClient, farm
tnc1997, flutter-avon-farm-foods, farm
trngl8, cow, farm
ClassmateLin, jd-farm, farm
jacobabiola, yeild-farm, farm
JunkieLabs, treeform-angular-webapp, farm
MDoloresGui, TwitchDropsFarmer, farm
thegears, owoSistem, farm
Alluseri, ai-dungeon-better-farmer, farm
NFTeGG, NFTeGG-Contracts, farm
kadimasum, Dairy-Business, farm
EthereansOS, covenants-interface, farm
Niraj-Dilshan, WebSiteStatusChecker, farm
ryancbutler, PVSReplicate, farm
aaronvanston, farm-lib, farm
HackerHarry, mffbashbot, farm
vheathen, ExPeasant, farm
Yaty, workestrator, farm
Bisonai, orca-api, farm
Adamantios, FarmIt-Backend-Client, farm
NFTeGG, NFTeGG-iClops-Meta, farm
diogodanielsoaresferreira, SmartFarm, farm
almostengr, farmosnws, farm
EthereansOS, WIMD-Core, farm
Andowna9, Tekno-Baserri, farm
CEEDAnalytics, PV-MAPS, farm
Adamantios, FarmIt-Frontend-Client, farm
Alexbeis, grupomateu, farm
vishalkrishnads, Grovit, farm
Naozumi520, PP_Looter, farm
seanpm2001, SeansLifeArchive_MinecraftPE_Backup_Worlds_Farmtopia, farm
Terkwood, PLOWMAN, farm
thiago-scherrer, awesome-landscape, farm
johnnyawesome, ChickensAndBees, farm
ONETRONIC, 1tronic-frontend, farm
vspelykh, dairyfarm, farm
sylvesterimerion, imerionfarm, farm
Ra-Coding, voxelfarm-assets, farm
Terkwood, procfarm, farm
Jayvirrathi, farm-stack-sample, farm
neoburger, neoburger.github.io, farm
wb2ifs, 3Part-Harmony-Cento, farm
park-junha, WebAppTemplate-FARM, farm
bieli, open-best-farm, farm
jslawinsk, myDomain, farm
snipergaming888, BTD6-MM---INSTA-Farm, farm
kitella1, RWWD, farm
ErenElagz, Ciftlik-Yonetim-Oyunu, farm
vineetpatel725, Crop-Recommendation, farm
jjak0b, ansible_farm, farm
BurakEnsarH, Project-Farm-Game, farm
EliCDavis, stardew-valley-farming, farm
dalinicus, homeassistant-aerogarden, farm
mkinney, FarmingRPG, farm
StrykerDG, StrykerDG.FarmForge, farm
Frintest, kapusta-2, farm
GabrielBigardi, Twitch-Farm-Bot, farm
e-scavo, scavo.farm, farm
YogPanjarale, Farm-Helper-app, farm
ErenElagz, Farm-Simulator-Game, farm
SelimWaly, commits-farm, farm
Prophets-of-Profit, Farmers-of-Capitalism-OLD, farm
bigteacup, botpackage, farm
ErenElagz, PyFarm, farm
AdsGames, JimFarm, farm
sebasanper, WINDOW, farm
artnetik, kmetija-cehovin, farm
ivayloivanof, rabbitFarm, farm
SergKhram, DeviceIO, farm
MrSmitix, IrisFarmBot, farm
conceptfarm, MultiCam, farm
kathyswu, Project-Tiny-Farm, farm
sre990, ske-pi, farm
karolus-git, gili, farm
kelompok-oop-sekar, reimagined-octo-funicular, farm
KnlnKS, Yuibot-Farm, farm
eolatham, farm-dashboard-prototype, farm
molvqingtai, farm-plugin-weapp, farm
iSCInc, MediaWikiFarm-sample-setup, farm
apekearo, gruntwork-server, farm
vladislav-puzyrev, cs-twinks-creator, farm
FarmDyn, documentation, farm
matthew-mccall, FarmDispensers, farm
pozsarzs, mini_farm_control, farm
agelessZeal, bigboyswap, farm
harismats, weeding_bot_CMP9767M, farm
openfarmsubsidies, scraper, farm
ngankhanh98, farm, farm
danilonumeroso, autonomic-farm, farm
aryavarma, farm, farm
tanzcntt, orbitau-farm-bot, farm
cvknet, erdbeerfarm, farm
sontungexpt, dreamy-farm-client, farm
Matilda-bit, Fruit-Analise, farm
morshadunnur, qfarming, farm
dhimitrimano, Farming-In-The-Jefferson-Years, farm
obaraujo, Minha-Fazenda, farm
Matilda-bit, Fruit-Analise, farm
morshadunnur, qfarming, farm
dhimitrimano, Farming-In-The-Jefferson-Years, farm
farmthedip, tracker, farm
OctoFi, octofi-uniswap-lp-farm, farm
C0ffeeL0ver, DankMemer_Farm, farm
spinfal, ecosia, farm
hishamraeda, Node-Farm, farm
g-ae, pokecord-farmer, farm
oedokumaci, template-farm, farm
sre990, sol-project, farm
faerietree, harrow, farm
giacomodeliberali, autonomic-farm, farm
ghyghoo8, farm, farm
mabdullahadeel, fastapi-mongo-todo, farm
kolergy, CROPS, farm
53645714n, rainmaker, farm
erxson, RaffleAutoJoin, farm
julioeli86, Business-Analysis-Method-with-R, farm
eugbabenko, farm-website, farm
MaximilianoTRZ, simple_token_farm_eth, farm
ptisdel, DEFHR-Site-Redesign, farm
g105b, tibz.farm, farm
abdulweb, Farm-order, farm
almostengr, farmosweb, farm
go-ego, farm, farm
openfarmcc, OpenFarm, farming
brycejohnston, awesome-agriculture, farming
DevilXD, TwitchDropsMiner, farming
usetania, tania-core, farming
chrieke, awesome-geospatial-companies, farming
usetania, tania, farming
gauss314, defi, farming
timmbogner, Farm-Data-Relay-System, farming
guydavis, machinaris, farming
ekylibre, ekylibre, farming
OpenAgricultureFoundation, openag_brain, farming
supergreenlab, SuperGreenOS, farming
ibnzUK, Token-Staking-dApp, farming
OpenLeverageDev, openleverage-contracts, farming
LiteFarmOrg, LiteFarm, farming
damwhit, harvest_helper, farming
stijnwop, proSeed, farming
ros-agriculture, lawn_tractor, farming
FSGModding, FSG_Mod_Assistant, farming
Aboudjem, staking-platform-fixed-apy, farming
OpenOlitor, OpenOlitor, farming
ClintOxx, PUBG-Battlepoint-FarmBot, farming
gabbygab1233, Crop-Recommender, farming
para-space, paraspace-core, farming
raingggg, coctohug, farming
vin350, TwitchPointsFarmer, farming
hypery2k, nativescript-fabric, farming
farmOS, farmOS-map, farming
cropandweed, cropandweed-dataset, farming
sskender, stable-farm, farming
akropolisio, delphi, farming
kaymen99, KryptoPunks-nft-staking-dapp, farming
breuerfelix, king-bot, farming
bot4dofus, B4D, farming
Kale-Network, kale-blockchain, farming
newerton, sunflower-land-bot, farming
obernardovieira, SmartGreenhouse, farming
xandao-dev, flyff-bots, farming
wikilimo, mobile-pest-identification, farming
gtoleary5, MarketGardenCropPlanner, farming
Terkwood, prawnalith, farming
Musanza, Poultry-farming-management-system, farming
apoorvtripathi1999, farm-monitoring-system, farming
GravelCZ, FarmBot, farming
Ta0uf19, Farm-Simulator, farming
Gekko12, Eco-fertilization, farming
kausthub-kannan, farmsense.ai, farming
smart-data-models, SmartAgrifood, farming
theashishgavade, AgroWorldapp, farming
Ferdzz, EvergreenAcres, farming
FSGModding, FS22_Dedi_Companion, farming
SystangoTechnologies, Farmer, farming
DigiBanks99, livestock-tracker, farming
farm-gym, farm-gym, farming
ZimboPy, zimfarm, farming
lukefire5156, SMART-IRRIGATION-USING-ARTIFICIAL-INTELLIGENCE-AND-IOT, farming
Amr-MKamal, Arduino_Ultrasonic_Anemometer, farming
bhavikmk, Fruit-Sorter, farming
JasonRoesbeke, WorkRecordPlugin, farming
roobee-platform, Bsc_Farm, farming
edge-gaming, Farming_Simulator_19_Mods, farming
abhishekpaul11, Farmer-Assistance-System, farming
Microgenital, Giants_Software_USB_Beacon, farming
surajsjain, smart-aquaponics-backend, farming
arachsys, cts-tool, farming
wikilimo, Wikilimo, farming
hariketsheth, Fasaan---Envisioning-Farms-for-Future, farming
sengexyz, EzPlotter, farming
JamesNikolaidis, Thesis_Farmers_Helper, farming
suryan-s, Precio, farming
prathimacode-hub, FarmArk, farming
TwinYields, farmingpy, farming
sheaft-app, portal, farming
xscotophilic, smart-green-house, farming
usetania, usetania-static, farming
MinetopiaSDB, MinetopiaFarms, farming
luxtracon, floralis, farming
Fordi, jang-seeder-wheel, farming
Vasile2k, SteamAuthenticatorCmd, farming
Vasile2k, SteamEventCardFarmer, farming
arunumd, Mobile_farm_robot_simulation, farming
muiux, UBE-DEX, farming
seanpm2001, SeansLifeArchive_Images_Hay-Day, farming
ImaginarySenseHackathons, Agromizer, farming
Blockost, farming-rpg, farming
Dantusaikamal, Weather-translation, farming
DenizKrdy98, Smart-Monitoring-System-For-Farming, farming
pontem-network, harvest, farming
JunkieLabs, treeform-angular-webapp, farming
minetest-mods, castle_farming, farming
roobee-platform, RoobeeFarm-Contracts, farming
GameHackingAcademy, Flare_FarmingBot, farming
LeToyek, greenify, farming
ekylibre, zero-android, farming
rumbleFTW, krishi-sevak, farming
NFTeGG, NFTeGG-Contracts, farming
jideoyelayo1, ES410_III, farming
t1nyTi, GrrifinFarm, farming
kadimasum, Dairy-Business, farming
deepeshdm, CropFusionAI, farming
markoceri, SmartAG-SensorNode, farming
durkisneer1, Farming-Frenzy, farming
maxaeon, project-2, farming
DarkBumus, SaltyMod-Expanded, farming
deepeshdm, CropFusionAI-Backend, farming
pineapple-cash, website, farming
coryjquirk, farm-companion, farming
ShubhamChoudharyShubh, krishipradhan, farming
ekylibre, first_run-demo, farming
SebastianTutorials, ETHEREUM-Yield-farming-bot-with-USDC-Stoploss, farming
Silent-Program, FarmingOverhaul, farming
IoT-Communications, Smart-Farming, farming
hopeman15, awesome-regenerative-agriculture, farming
aniketdhole07, mango-disease-identification, farming
Fastermantrying, defi_yield_farming_solana, farming
patrickpissurno, bedrock-afk, farming
ekylibre, zero-android-v3, farming
Drachir000, ReplenishEnchantment, farming
raj-shr-git, Apple_Foliar_Disease_Detection, farming
douglasletz, BabySwap.Core, farming
shlavik, deocalc, farming
3Tamao3, DBD-Bloodweb-Auto-Leveling, farming
gduer, BlockGrower, farming
almostengr, farmosnws, farming
tech4germany, psm.api.v1, farming
DawnMarc, MukonoEgg_Bar, farming
TaijiMonster, plots-move, farming
pranav2305, GreenTrust, farming
Nine-Byte-Warriors, roche-engine, farming
troennes, yearly-yields, farming
NFTeGG, NFTeGG-iClops-Meta, farming
kunal768, IET-Makeathon-Smart-Farm-Industrial-IOT, farming
supercoolx, Bettor-Farming, farming
UnclassedPenguin, bales, farming
PhinesTech, Phinesture, farming
pratap1298, e-agriculture, farming
Senpai-Coders, CAPSTONE-PHS-Machine, farming
LamtouehReda, AgritechApp, farming
UnsignedArduino, Farming-Simulator, farming
qubist, wealthoftractor, farming
Black-INK-finance, contracts, farming
OpenHackFarm, tshansik-app, farming
seanpm2001, Hyper-realistic-farm-simulator, farming
HimejiDev, Voxel-Game, farming
seanpm2001, SeansLifeArchive_MinecraftPE_Backup_Worlds_Farmtopia, farming
tuhinaww, AgriFarm, farming
reimaginefarm, green-wall, farming
whbrown, GardenGnome, farming
fieldrobot, field_robot, farming
sheaft-app, api, farming
manifoldx, typed-sdk, farming
alierum, alierum.github.io, farming
RB-Agriculture, fieldtrak, farming
sskender, npo-dao, farming
OnGridSystems, uniFi-contracts, farming
SinghShreyansh, Demeter-Farming_Assistant, farming
covxx, RIGS, farming
Capstone-C23-PS094, farm-genius-mobile, farming
VaibhavPachpute21, krishi-ecommerce-dashboard, farming
HauntedBees, CropDrop, farming
bhaiyaajee, TheDigitalFarmer, farming
mlane, just-a-villager, farming
mittal-parth, GreenTrust, farming
Talkarcabbage, rs-timer, farming
Badca52, FS17_B52_MP, farming
DzunN86, akiyama, farming
mahekn23, KrushiVikas, farming
TheCoati, FS19-Java-API, farming
BuildForSDG, team-011-backend, farming
PythooonUser, unity-low-poly-farmer, farming
w33zl, FS19_TidyShop, farming
vaizq, HydroCtrl, farming
Intensedog, AgricultureApp, farming
victorkingi, farm-dashboard, farming
chenhehong, EasyFarm, farming
sheppardd1, FARM, farming
EthereansOS, unimergency, farming
AtomSnow, SteamRecentActivityHours, farming
FunnyRain, farmhac, farming
namankhurpia, Farmer-go, farming
michalpostek, bitburner-hacknet-bot, farming
OliverSolomon, ShambaSmart_2.0, farming
bioastroiner, Additional-Worms, farming
Ebullioscopic, FarmHand, farming
jasdumas, hipsterveggies, farming
HauntedBees, Uprooted2D, farming
vorabrijesh, Agri_solution_team8_SE_Aug_2019, farming
orgamix, orgamix-backend, farming
Dorcy64, farm-tracker, farming
Soryyyn, drop-farmer, farming
johnnyawesome, ChickensAndBees, farming
kohimafinance, kohima, farming
Gameengine1, afisus-farming-barn, farming
Tsmorz, Growbotics, farming
Feedr-SpaceApps2017, frontend, farming
mkinney, FarmingRPG, farming
hasimy-as, temen-tani-services, farming
viskakov, Farm, farming
GabrielBigardi, Twitch-Farm-Bot, farming
ibrahimgb, aeroponic-tower-frontend, farming
bhaveshppatil, AgroWorld, farming
Prophets-of-Profit, Farmers-of-Capitalism-OLD, farming
SwimlaneBuilder, PipelineFoundations, farming
manifoldfinance, evo, farming
AdsGames, JimFarm, farming
brussell98, pumpkin-patch, farming
beacrea, SoilBot, farming
afonsosousah, fs22companion, farming
larry-athey, climate-czar, farming
Renrhaf, autruches-du-ried, farming
vineetpatel725, Crop-Recommendation, farming
Tai-Min, Aeroponic-Garden-System, farming
houlalalua, horticulture, farming
thejoeejoee, IMS-VUT-BIT-2018-2019, farming
Elenterius, CropCultivation, farming
PaulKuiper, Herenboeren, farming
patrick0719, bitland-script-termux, farming
s-light, web_harvest_log, farming
agelessZeal, icp20-interface, farming
DaoLand, DAOLand-liquidity-farm, farming
jonathan-robertson, gmo-farming, farming
sanidhya2803, Krushak-Agricultural_Management_System, farming
Andros-Spica, NiceMusicalChairs, farming
vinojv96, smart_farm, farming
VanijaDev, versus, farming
apoorvgupta25, corporate-farming, farming
blockchainlover2019, lp-farming-masterchef, farming
oracle002, LHMS, farming
Rogendo, Crop_Yield_Prediction, farming
kalpanibhagya, FarmHands, farming
gabrielmdc, greenpi-backend, farming
athreyapatel, farmers-paradise, farming
haki99, MyDigitalFarm0.3, farming
FenixFinance, Fenix-Farm-V2, farming
MohammadYasinKarbasian, Space-farm, farming
ivanvinicius, farmbud, farming
AnaJulia27, AnaliseDoSoftwareTankMix, farming
IamGroooooot, www-project, farming
Joseph-kirigo, Agriplus, farming
Alstonargodi, Pesticide-Recommendations, farming
akhilesh-kanmanthreddy, Farmly.AI, farming
benjaminpochat, viandeendirect, farming
oneseedfruit, BeetFarmer, farming
ekylibre, zero-ios-v3, farming
kolergy, CROPS, farming
flxdot, project-carlos-on-edge, farming
Dcruzships, goats, farming
agelessZeal, hodlvalley-dex-contract, farming
lauraneckstein, jewishagriculture, farming
northwesttrees-gaming, Cultivation, farming
northwesttrees-gaming, MoreBlox, farming
HarvestProfit, blend-calculator, farming
danrauch, arduino-cerea-remote-control, farming
dhimitrimano, Farming-In-The-Jefferson-Years, farming
local-investment-token, Defarm, farming
paif, pai, farming
Serbbi, jubilant-sniffle, farming
Undermmon, Sunrise, farming
IOCare, opensourcefarming, farming
vshelke, haasil, farming
ecofrugalism, fishfarming, farming
absolument, CC-CactusFarmBuilder, farming
TolgaKara, seedly, farming
ZaneH, dafarmz-bot, farming
SeanP2001, Harvest_Predictor, farming
Izan2020, presisawit_app, farming
SoftmedTanzania, rucodia_backend, farming
stephenmuema, disease-prediction-web, farming
MerchDAO, xMRCH-farms, farming
agelessZeal, gravityfinance-analytics, farming
roshankc123, deltathon-krisakha, farming
Sandeep9975, agrorader, farming
devanshu3, Solar_Powered_Multipurpose_Agricultural_Robot, farming
Sunhick, FarmIT, farming
colaxalabs, reap-poc, farming
alpual, farming-the-rio-grande-valley, farming
C0ffeeL0ver, DankMemer_Farm, farming
katzworld, thebluebutton, farming
kenmwangi, Simba-Machineries-Fabricators, farming
Meisterschulen-am-Ostbahnhof-Munchen, 4diac-SlurryTanker-sample, farming
eduescobar13, Fadming, farming
Andros-Spica, MusicalChairs, farming
TheAlgo, Decentralized-Community-Farming, farming
healer1064, Cropper_finance, farming
erabhinavtyagi, Project, farming
Stratagist7, BeanFarmers, farming
dnyanesh2408, dskfarm, farming
Rexshack-RedM, rsg-farmer, farming
ralouekapoor06, technofarm, farming
Mouser-Electronics, MicrochipHorticultureLighting, farming
sambacha, badge-1, farming
MartinTintin3, Farming-Friend, farming
Shall0e, Reddit-Post-Bot, farming
Sreeja799, Organic_First, farming
scubasonar, OpenFarmingTech, farming
almostengr, farmosweb, farming
mwafa, puyuh-app, farming
kunwarsingh55, farm-sync-iot, farming
zatracking, bitcoin, farming
jerryetty, ffges, farming
Badca52, FS17_PriceNotify, farming
Nachtbeere, Ceres, farming
shivangraina, SIH_2020, farming
carter5, Social_Media_Engagement_Habits_of_Farmers, farming
jaimit25, Krishi, farming
Zutki, Fim, farming
xelox, impact-simulation, farming
krishibal, krishibal.github.io, farming
Dima-369, raw-food-forest-homepage, farming
daeynasvistas, SmartFarm, farming
TexelBox, farmbook, farming
vanmars, avery-organics, farming
adgautam, Aditi_agriculture_nutrition, farming
mx-pool, super-farmer, farming
Krayt95, empyrion-farming-calculator, farming
cichu, minecraft-auto-replanter, farming
Adewuyipraise, FarmMarketTest, farming
Cryptoniciencom, easy-stake, farming
AlexInCube, EasyFarming, farming
TheFeThrone, FarmLandUSA, farming
twl8n, twl8n.github.io, farming
mxcop, barnstorm, farming
hemlockcreek, farm-manager, farming
agentbillwilson, seeds, farming
OliverHennhoefer, r-averaged-difference-algorithm, farming
Alexdebeast78, Garduino, farming
shubham-ghuge, liveFarm, farming
ghyghoo8, farm, farming
pawel2000pl, SeedSorter, farming
Shash0501, GreenTrust, farming
px39n, Awesome-Precision-Agriculture, precision-agriculture
nesl, agrobot, precision-agriculture
RentadroneCL, AI-Agro, precision-agriculture
emanuel36, LoRa-sensor-node-device, precision-agriculture
wikilimo, mobile-pest-identification, precision-agriculture
bovheat, bovheat, precision-agriculture
md-121, yellow-sticky-traps-dataset, precision-agriculture
meltoner, agrofelis, precision-agriculture
simranvolunesia, Irrigreat, precision-agriculture
Mr-TalhaIlyas, CWD30, precision-agriculture
fsalv, DeepWay, precision-agriculture
mrr00b00t, batchsat, precision-agriculture
juliotorrest, yield_aeroponics, precision-agriculture
arduino-libraries, Arduino_EdgeControl, precision-agriculture
grimmlab, UAVWeedSegmentation, precision-agriculture
peter-evance, demo-efarm, precision-agriculture
terravion, terravion-examples, precision-agriculture
joschindlbeck, AGTracker, precision-agriculture
yildizozan, precision-agriculture-computer-vision, precision-agriculture
ricber, Plant-Phenotyper, precision-agriculture
suryan-s, Precio, precision-agriculture
SoothingMist, Embeddable-Software-for-Irrigation-Control, precision-agriculture
fsalv, ClusterWay, precision-agriculture
di-unipi-socc, bonsaifog, precision-agriculture
mKotoulas, Vegetation-Indexes, precision-agriculture
essicolo, site-specific-multilevel-modeling-of-potato-response-to-nitrogen-fertilization, precision-agriculture
dtcMLOps, align_pointcloud, precision-agriculture
maikbasso, plant-line-detection, precision-agriculture
BigDataGrapes-EU, ontology, precision-agriculture
markoceri, SmartAG-SensorNode, precision-agriculture
mstrocchi, plantalyzer, precision-agriculture
ohidaoui, SugNet, precision-agriculture
waltermaldonado, EVAPO, precision-agriculture
eupassarinho, soil-carbon-and-spectroscopy-with-PLS-and-LASSO, precision-agriculture
GiorgioMorales, OFPETool, precision-agriculture
Adalitix, adalitix, precision-agriculture
danielTobon43, iTree3DMap, precision-agriculture
benitezfj, webapp, precision-agriculture
gabboraron, szenzormodularitasok, precision-agriculture
Adalitix, backend, precision-agriculture
LeonardoAgricola, MapFilter2.0, precision-agriculture
Flexsidee, s-farms, precision-agriculture
christad92, farmsense, precision-agriculture
ddefb, PGIA7336, precision-agriculture
eddyerach, AustralFalcon_grapes, precision-agriculture
luizguilhermefr, OpenVRT, precision-agriculture
seandavi, precision_oncology_variant_resources_manuscript, precision-agriculture
Carlitosh, Cleaner-Map-Yield, precision-agriculture
matiasmicheletto, lidar-scanner, precision-agriculture
kumarnaveenb, DownyMildew, precision-agriculture
WencesVillegasMarset, DL4BudDetection, precision-agriculture
NourhanHassanEid, predictive-analysis-for-precision-farming, precision-agriculture
Rotvie, dandelion-mqtt, precision-agriculture
IIoT-Fei, Extrema-Pilot-Repository, precision-agriculture
grimmlab, DeBlurWeedSeg, precision-agriculture
sanjitsingh98, precion_agriculture_project, precision-agriculture
WaywardHayward, ndvi-generator, precision-agriculture
luizguilhermefr, OpenVRT-Visualizer, precision-agriculture
grys-upm, AFarCloud-Mission-Manager, precision-agriculture
tylerpittman, PrecisionFarming, precision-agriculture
Waleed101, Drip, precision-agriculture
luizguilhermefr, OpenVRT-Firmware, precision-agriculture
bug-data, Big_Data_Second_Project, precision-agriculture
Mr-TalhaIlyas, Precision-Agriculture-Datasets, precision-agriculture
rhazra-003, KisaanBot_Farmer_Assistant, precision-agriculture
omaresguerra, CropMap, precision-agriculture
Mr-TalhaIlyas, DIANA, precision-agriculture
marianobonelli, marianobonelli, precision-agriculture
dtcMLOps, canopyMissing, precision-agriculture
xml94, EmbracingLimitedImperfectTrainingDatasets, precision-agriculture
dtcMLOps, gui-Control-points, precision-agriculture
brycejohnston, awesome-agriculture, soil
farmOS, farmOS, soil
gprMax, gprMax, soil
hectornieto, pyTSEB, soil
gabrieldim, HumiditySensor, soil
ncss-tech, soilDB, soil
bpbond, srdb, soil
ncss-tech, aqp, soil
qedsoftware, brukeropusreader, soil
gabbygab1233, Crop-Recommender, soil
soilspectroscopy, ossl-manual, soil
heyitsdsp, Smart_Farming, soil
ncss-tech, stats_for_soil_survey, soil
ARPA-SIMC, CRITERIA3D, soil
leizhang-geo, CNN-LSTM_for_DSM, soil
FAO-GSP, SOC-Mapping-Cookbook, soil
NoemiVergopolan, SMAP-HydroBlocks_postprocessing, soil
obrl-soil, slga, soil
cbsteh, PySawit, soil
kaizadp, soilpalettes, soil
SoilBGC-Datashare, sidb, soil
ar-siddiqui, curve_number_generator, soil
mdekauwe, GDAY, soil
ISCN, SOC-DRaHR, soil
apoorvtripathi1999, farm-monitoring-system, soil
Open-Source-Agriculture, soil_logr, soil
whrc, Soil-Carbon-Debt, soil
bluegreen-labs, hwsdr, soil
USDA-ARS-ACSL, MAIZSIM, soil
DEMENT-Model, DEMENTpy, soil
ARPA-SIMC, CRITERIA1D, soil
ncss-tech, SoilTaxonomy, soil
Laboratorio-de-Pedometria, febr-package, soil
inad9300, Soil, soil
ncss-tech, soilReports, soil
viktor-platform, sample-cpt-interpreter, soil
AgroCares, Open-Bodem-Index-Calculator, soil
ncss-tech, soil-pit, soil
RainEggplant, opengl-mingw-boilerplate, soil
Science-for-Nature-and-People, soilc-midwest, soil
OpenGeoHub, SoilSamples, soil
MakersFunDuck, Moisture-Duck, soil
aabbtree77, esp32-vpn, soil
ncss-tech, ssurgoOnDemand, soil
collaborative-earth, earthshot, soil
zsteinmetz, envalysis, soil
ARPA-SIMC, agrolib, soil
josebastiase, Poroelasticity, soil
zlxy9892, CNN-LSTM_for_DSM, soil
Laboratorio-de-Pedometria, pedometrics-package, soil
ataffe, smartGarden, soil
KuanHuang, predicting-heavy-metal-adsorption-in-soil, soil
ncss-tech, SoilKnowledgeBase, soil
3springs, np_vs_kriging, soil
p-ranav, OpenGL-Engine, soil
Ario20, Soil_Moisture, soil
ldijkman, Arduino_Plant_Watering_System, soil
jneme910, CEAP-Grazing-Lands, soil
Science-for-Nature-and-People, Midwest-Agriculture-Synthesis, soil
fcorra, uFTIR, soil
Science-for-Nature-and-People, Midwest-Agriculture-Synthesis, soil
ncss-tech, rosettaPTF, soil
avkondrat, SmartGarden, soil
ncss-tech, OSDRegistry, soil
ncss-tech, sda-lib, soil
mindwebs, AgroSmart, soil
GUT-Aachen, triaxial_test_evaluation_tool, soil
ANZSoilData, ANZSoilML, soil
hopeman15, awesome-regenerative-agriculture, soil
jellespijker, VisionSoilAnalyzer, soil
USDA-NRCS, Soil-Data-Development-Tools---ArcMap, soil
OudomMunint, GLFW, soil
jneme910, NRCS-Soil-Data-Access, soil
raysummee, soil-moisture, soil
fruchtfolge, BGR-APIs, soil
bioatmosphere, microbiome-drought-legacy, soil
lluis-mv, Shallow-StrainPathMethod, soil
stuhacking, SGEngine-Cpp, soil
bincrafters, conan-soil2, soil
ambarja, labsaf, soil
TomC-93, Tree-Root-Microbiome-Project, soil
kerimkaan, Garduino, soil
evanmascitti, soiltestr, soil
ItaloIF, rec_soil, soil
HorizonsRC, Environmental-Code-Sharing, soil
viktor-platform, sample-compare-cpt, soil
DOV-Vlaanderen, pygada, soil
ahmetarsiv, soil-water-level, soil
codesbiome, soil-theme-vscode, soil
PhinesTech, Phinesture, soil
PhinesTech, Phinesture, soil
Cameron-Ray, IrrigationPiHat, soil
netosep, textural-triangle-canvas, soil
bioatmosphere, An_emergent_soil_enzyme_decomposition_model, soil
GitHub4Eddy, agro_monitor, soil
ppizarror, QUAKE, soil
akshatvg, SASA-Chitti-Version-3.0, soil
brownag, labtaxa, soil
HarshShah1997, Tic-Tac-Toe, soil
rubelhassan, Egg-Adventure-OpenGL-Game, soil
JackJJCodes, CROPify, soil
kaizadp, nmrrr-workflow, soil
brownag, KSTL, soil
eplx, PlantMoistureCheck, soil
qedsoftware, afsisdb-demos, soil
gbessardon, National-soil-data, soil
rlilhare, Modified-MMF-Morgan-Morgan-Finney-model, soil
erincones, rubik, soil
swood-ecology, senegal-nematodes, soil
bioatmosphere, ABM, soil
henningte, hklmirs, soil
TheGreatBuddo, Soil-Sensing-Device, soil
DaRkZ1177, Soilers, soil
darthbatman, Farmability, soil
Pikachuxxxx, SOIL, soil
surajjaiswar2003, MiniProject1, soil
CIAT, ciatsocapp, soil
Sahitya777, CropRecommender-main, soil
lluis-mv, HM-RK, soil
cn-ws, cn-ws, soil
byrd-laif, soilMakers, soil
syngenta, meteobe, soil
Science-for-Nature-and-People, soc-twitter, soil
julienmoeys, macrounchained, soil
kentwalters, cssc-texture-triangle, soil
NGBeriot, MPs_Soil_Compost, soil
raupulus, esp32-smart-bonsai, soil
FAIMS, CSIRO-Geochemistry-Sampling, soil
plantmer, soilsensor, soil
tstenborg, Julia-Soilspec, soil
fabiansteiner, PlantGuard, soil
ncss-tech, jNSMR, soil
albertkasdorf, Computer-Graphics-SoSe16, soil
acocac, dinoSOIL-toolbox, soil
ccarbajal16, graph_soil_texture, soil
EngrSaad2, Soil-Testing-App, soil
TlaskalV, Soil_flux_app, soil
TNC-GlobalLands, reforestation-soils, soil
kenzazayo, Marble_Crush_Game, soil
ruankie, soil-resistivity-prediction, soil
joaquinperaza, RoverConnectKSU, soil
valdiman, R-codes-for-East-Chicago-PCB-soil-analysis, soil
ncss-tech, nasis_training, soil
G-2200, Soil_Ecology_Practice_Exam, soil
petacapek, SoilMBVariability, soil
Saurav12das, soil_health_hstf, soil
niksiboxi, basilika, soil
samuel-rosa, prototype-runoff-sample-splitter, soil
jamesblasco, Back-From-Klondike, soil
kentwalters, ng2-soil-input-form, soil
petacapek, SoilMBVariability, soil
Saurav12das, soil_health_hstf, soil
niksiboxi, basilika, soil
TamandeepSingh, Bearing-Capacity-of-Soil, soil
deecube, HINT2.0, soil
demal-lab, twitter-data, soil
arsari, OpenGL-ZigZag, soil
ecosensors, EcoIrrigation, soil
CASKTH, Borehole_modelisation, soil
MarkusLoew, HH2, soil
jflater, Nitrogen_cycle, soil
Undead8, bonsai-watering-system, soil
NGBeriot, Plastic_mulch-soil_properties, soil
Laboratorio-de-Pedometria, regexsolos, soil
kanissh, starship-re, soil
hanwendong1, soil210, soil
soilqualitylab, soilqualitylab.github.io, soil
valdiman, R-codes-for-East-Chicago-soil-PCB-analysis, soil
Klevh, GLion, soil
NERC-CEH, mysoil-sample-app, soil
Romain96, M1S1_LMG, soil
Sairamdhandapani, Arduino-Projects, soil
ArjunChakrawal, Stoichiometry-and-Thermodynamics, soil
asssaf, stemma-soil-go, soil
Teamundergr0und, research-dreams, soil
ArkosicGreywacke, PBEWA, soil
patmejia, food_security, soil
meerestier, laserdiffraktometrie_korngroessen, soil
Naga-Abhilash, major-project, soil
hammerly, nrcs, soil
SethNC, hardy, soil
MarvinKweyu, tambua-shamba, soil
EfraCL, Conductividad_hidraulica, soil
meerestier, laserdiffraktometrie_korngroessen, soil
Naga-Abhilash, major-project, soil
hammerly, nrcs, soil
devalc, Sorption, soil
naoto64, Arduino-SoilSense, soil
andersonhsporto, Suma-Solos, soil
carrie7490, USDA-Forest-Service-Experimental-Forests-Soils, soil
leizhang-geo, global_soil_carbon_turnover_time, soil
Sonaaa10, -bhoomi, soil
bcgov, nr-soils-relocation, soil
layadcircuits, Soil-Moisture-Sensor-Example, soil
im-loki, Plane_CG, soil
maxxk, plants-vs-environment, soil
Su996, Greenhouse-intelligent-flower-watering-system, soil
ess-dive-community, essdive-water-soil-sed-chem, soil
RKMATTHEW, SM-C, soil
alechaulotte, soilutils, soil
Code4Plants, RootWaterUptake, soil
brownag, nasis, soil
marjenahaque, nasatmp, soil
itiievskyi, SOIL-recompiled, soil
ANZSoilData, aus-vocab, soil
ammerscm68, Plant-Monitor-with-ESP8266, soil
Crop2ML-Catalog, SQ_Energy_Balance, soil
joelschutz, soil-demo, soil
ToughNickel, KruskalAlgorithmTutorial, soil
jrstanley04, Retaining_Walls_Performance, soil
tsunoppy, simpGet, soil
vmikk, Soil_Zoology_2021, soil
aniqahmad97, ML, soil
jpaoneMines, soil3, soil
vanessapino, AUMicrobio, soil
TillF, SoilDataPrep, soil
ToughNickel, KruskalAlgorithmTutorial, soil
jrstanley04, Retaining_Walls_Performance, soil
marius0210, Arduino_Projects, soil
kaizadp, TES_spatial_access_2021, soil
G-2200, Soil_Horizons_Cheat_Sheet, soil
samharrison7, bioturbation-model, soil
AleBecerra, taxosuelos.github.io, soil
zahmed333, Enivironmental-R-Analysis-Activities, soil
kaxori, Prj_SoilSensor, soil
mrRodrigo, Escala-Sensivel-ao-Conteudo-C, soil
andersonhsporto, Liming-calculator, soil
PSInetRCN, PSInetRCN.github.io, soil
JLSolerLlorens, RadonRisk, soil
NERC-CEH, irecord-land-app, soil
montimaj, Kydro, soil
ozcihanb, GEO468E_NDSI, soil
rightaway006, Penalized-regression-on-high-dimensional-data, soil
thiagopassos2001, gravity-retaining-wall, soil
TillF, FDR2soilmoisture, soil
